[{"type":"cardPile","id":"d043f67a-c76c-4514-b974-ce4dcd698101","x":10.93,"y":55.1,"z":2121,"dragging":null,"draggingType":null,"label":"PeePaw"},{"type":"cardPile","id":"3598b845-142d-4f46-bfd3-d6f0bc32e56d","x":1063.66,"y":645.02,"z":2122,"dragging":null,"draggingType":null,"label":"Maggie"},{"type":"cardPile","id":"e5200936-c44f-40fc-8432-8ac63817d1ab","x":339.5,"y":638.84,"z":2119,"dragging":null,"draggingType":null,"label":"Mandrew"},{"id":"hand","type":"hand","x":50,"y":820,"z":1,"dragging":null,"enabled":true},{"id":"925982f9-aa1d-4fca-aaa2-98f7eab105da","x":724.49,"y":59.82,"z":2108,"type":"cardPile","dragging":null,"draggingType":null,"label":"MeeMaw"},{"id":"60b182fe-8dfd-4c7b-a64b-a37eeb112f9e","x":1086.52,"y":260.21,"z":2123,"type":"cardPile","dragging":null,"draggingType":null,"label":"Mangela"},{"id":"f1b0c06e-680f-4535-a6e0-85ceae848053","x":3.28,"y":265.57,"z":1583,"type":"cardPile","hasShuffleButton":true,"dragging":null,"draggingType":null},{"id":"6cee8d70-cb72-41b7-9c4f-4963343d5eab","x":15.78,"y":306.57,"z":73,"type":"cardDeck","parent":"f1b0c06e-680f-4535-a6e0-85ceae848053","cardTypes":{"diamonds-a":{"label":"A of Diamonds","image":"/img/cards-french/diamonds-a.svg"},"diamonds-2":{"label":"2 of Diamonds","image":"/img/cards-french/diamonds-2.svg"},"diamonds-3":{"label":"3 of Diamonds","image":"/img/cards-french/diamonds-3.svg"},"diamonds-4":{"label":"4 of Diamonds","image":"/img/cards-french/diamonds-4.svg"},"diamonds-5":{"label":"5 of Diamonds","image":"/img/cards-french/diamonds-5.svg"},"diamonds-6":{"label":"6 of Diamonds","image":"/img/cards-french/diamonds-6.svg"},"diamonds-7":{"label":"7 of Diamonds","image":"/img/cards-french/diamonds-7.svg"},"diamonds-8":{"label":"8 of Diamonds","image":"/img/cards-french/diamonds-8.svg"},"diamonds-9":{"label":"9 of Diamonds","image":"/img/cards-french/diamonds-9.svg"},"diamonds-10":{"label":"10 of Diamonds","image":"/img/cards-french/diamonds-10.svg"},"diamonds-j":{"label":"J of Diamonds","image":"/img/cards-french/diamonds-j.svg"},"diamonds-q":{"label":"Q of Diamonds","image":"/img/cards-french/diamonds-q.svg"},"diamonds-k":{"label":"K of Diamonds","image":"/img/cards-french/diamonds-k.svg"},"hearts-a":{"label":"A of Hearts","image":"/img/cards-french/hearts-a.svg"},"hearts-2":{"label":"2 of Hearts","image":"/img/cards-french/hearts-2.svg"},"hearts-3":{"label":"3 of Hearts","image":"/img/cards-french/hearts-3.svg"},"hearts-4":{"label":"4 of Hearts","image":"/img/cards-french/hearts-4.svg"},"hearts-5":{"label":"5 of Hearts","image":"/img/cards-french/hearts-5.svg"},"hearts-6":{"label":"6 of Hearts","image":"/img/cards-french/hearts-6.svg"},"hearts-7":{"label":"7 of Hearts","image":"/img/cards-french/hearts-7.svg"},"hearts-8":{"label":"8 of Hearts","image":"/img/cards-french/hearts-8.svg"},"hearts-9":{"label":"9 of Hearts","image":"/img/cards-french/hearts-9.svg"},"hearts-10":{"label":"10 of Hearts","image":"/img/cards-french/hearts-10.svg"},"hearts-j":{"label":"J of Hearts","image":"/img/cards-french/hearts-j.svg"},"hearts-q":{"label":"Q of Hearts","image":"/img/cards-french/hearts-q.svg"},"hearts-k":{"label":"K of Hearts","image":"/img/cards-french/hearts-k.svg"},"spades-a":{"label":"A of Spades","image":"/img/cards-french/spades-a.svg"},"spades-2":{"label":"2 of Spades","image":"/img/cards-french/spades-2.svg"},"spades-3":{"label":"3 of Spades","image":"/img/cards-french/spades-3.svg"},"spades-4":{"label":"4 of Spades","image":"/img/cards-french/spades-4.svg"},"spades-5":{"label":"5 of Spades","image":"/img/cards-french/spades-5.svg"},"spades-6":{"label":"6 of Spades","image":"/img/cards-french/spades-6.svg"},"spades-7":{"label":"7 of Spades","image":"/img/cards-french/spades-7.svg"},"spades-8":{"label":"8 of Spades","image":"/img/cards-french/spades-8.svg"},"spades-9":{"label":"9 of Spades","image":"/img/cards-french/spades-9.svg"},"spades-10":{"label":"10 of Spades","image":"/img/cards-french/spades-10.svg"},"spades-j":{"label":"J of Spades","image":"/img/cards-french/spades-j.svg"},"spades-q":{"label":"Q of Spades","image":"/img/cards-french/spades-q.svg"},"spades-k":{"label":"K of Spades","image":"/img/cards-french/spades-k.svg"},"clubs-a":{"label":"A of Clubs","image":"/img/cards-french/clubs-a.svg"},"clubs-2":{"label":"2 of Clubs","image":"/img/cards-french/clubs-2.svg"},"clubs-3":{"label":"3 of Clubs","image":"/img/cards-french/clubs-3.svg"},"clubs-4":{"label":"4 of Clubs","image":"/img/cards-french/clubs-4.svg"},"clubs-5":{"label":"5 of Clubs","image":"/img/cards-french/clubs-5.svg"},"clubs-6":{"label":"6 of Clubs","image":"/img/cards-french/clubs-6.svg"},"clubs-7":{"label":"7 of Clubs","image":"/img/cards-french/clubs-7.svg"},"clubs-8":{"label":"8 of Clubs","image":"/img/cards-french/clubs-8.svg"},"clubs-9":{"label":"9 of Clubs","image":"/img/cards-french/clubs-9.svg"},"clubs-10":{"label":"10 of Clubs","image":"/img/cards-french/clubs-10.svg"},"clubs-j":{"label":"J of Clubs","image":"/img/cards-french/clubs-j.svg"},"clubs-q":{"label":"Q of Clubs","image":"/img/cards-french/clubs-q.svg"},"clubs-k":{"label":"K of Clubs","image":"/img/cards-french/clubs-k.svg"}},"faceTemplate":{"includeBorder":true,"includeRadius":true,"objects":[{"type":"image","x":0,"y":0,"w":103,"h":160,"color":"white","valueType":"dynamic","value":"image"}]},"backTemplate":{"includeBorder":false,"includeRadius":true,"objects":[{"type":"image","x":0,"y":0,"w":103,"h":160,"color":"#a23b2a","valueType":"static","value":"/img/cardback-red.svg"}]},"dragging":null,"draggingType":null},{"id":"583825ea-4eec-44a5-8a52-d2bad70f01d8","x":7.28,"y":269.57,"z":2524,"deck":"6cee8d70-cb72-41b7-9c4f-4963343d5eab","parent":"f1b0c06e-680f-4535-a6e0-85ceae848053","type":"card","cardType":"clubs-k","faceup":false,"dragging":null,"draggingType":null,"owner":null},{"id":"37f03b11-3309-42de-aa36-26bf73624ba7","x":14.93,"y":59.1,"z":2606,"deck":"6cee8d70-cb72-41b7-9c4f-4963343d5eab","parent":"d043f67a-c76c-4514-b974-ce4dcd698101","type":"card","cardType":"hearts-q","faceup":false,"dragging":null,"draggingType":null,"owner":null},{"id":"a853caa5-2b4a-4088-adaa-9bd7fff53afa","x":7.28,"y":269.57,"z":2528,"deck":"6cee8d70-cb72-41b7-9c4f-4963343d5eab","parent":"f1b0c06e-680f-4535-a6e0-85ceae848053","type":"card","cardType":"clubs-5","faceup":false,"dragging":null,"draggingType":null,"owner":null},{"id":"aeb12fb4-4253-4ac9-a1ae-87f723d10f9f","x":1067.66,"y":649.02,"z":2604,"deck":"6cee8d70-cb72-41b7-9c4f-4963343d5eab","parent":"3598b845-142d-4f46-bfd3-d6f0bc32e56d","type":"card","cardType":"clubs-q","faceup":false,"dragging":null,"draggingType":null,"owner":null},{"id":"579ea098-ccac-47aa-95eb-bebc686babbb","x":7.28,"y":269.57,"z":2485,"deck":"6cee8d70-cb72-41b7-9c4f-4963343d5eab","parent":"f1b0c06e-680f-4535-a6e0-85ceae848053","type":"card","cardType":"clubs-3","faceup":false,"dragging":null,"draggingType":null,"owner":null},{"id":"2eea9e1f-bfc8-4251-955a-4e0138f04555","x":7.28,"y":269.57,"z":2522,"deck":"6cee8d70-cb72-41b7-9c4f-4963343d5eab","parent":"f1b0c06e-680f-4535-a6e0-85ceae848053","type":"card","cardType":"diamonds-3","faceup":false,"dragging":null,"draggingType":null,"owner":null},{"id":"77e7ec83-153c-4199-bd13-bd193968a2bc","x":7.28,"y":269.57,"z":2537,"deck":"6cee8d70-cb72-41b7-9c4f-4963343d5eab","parent":"f1b0c06e-680f-4535-a6e0-85ceae848053","type":"card","cardType":"spades-q","faceup":false,"dragging":null,"draggingType":null,"owner":null},{"id":"ff68ff82-ebe1-40b2-89c9-7f69b80d53cb","x":1067.66,"y":649.02,"z":2594,"deck":"6cee8d70-cb72-41b7-9c4f-4963343d5eab","parent":"3598b845-142d-4f46-bfd3-d6f0bc32e56d","type":"card","cardType":"diamonds-q","faceup":false,"dragging":null,"draggingType":null,"owner":null},{"id":"0664cc04-7e4b-4c4f-a53c-f77287e1c7ac","x":728.49,"y":63.82,"z":2597,"deck":"6cee8d70-cb72-41b7-9c4f-4963343d5eab","parent":"925982f9-aa1d-4fca-aaa2-98f7eab105da","type":"card","cardType":"spades-10","faceup":false,"dragging":null,"draggingType":null,"owner":null},{"id":"1d070638-b16e-4af8-8bbf-e851d36110ea","x":1067.66,"y":649.02,"z":2599,"deck":"6cee8d70-cb72-41b7-9c4f-4963343d5eab","parent":"3598b845-142d-4f46-bfd3-d6f0bc32e56d","type":"card","cardType":"clubs-9","faceup":false,"dragging":null,"draggingType":null,"owner":null},{"id":"3ff44fb5-7c36-4432-b01e-bc8560b3770b","x":7.28,"y":269.57,"z":2507,"deck":"6cee8d70-cb72-41b7-9c4f-4963343d5eab","parent":"f1b0c06e-680f-4535-a6e0-85ceae848053","type":"card","cardType":"hearts-a","faceup":false,"dragging":null,"draggingType":null,"owner":null},{"id":"2688ef7d-0964-4498-8c1f-8a7bd7c28d10","x":7.28,"y":269.57,"z":2504,"deck":"6cee8d70-cb72-41b7-9c4f-4963343d5eab","parent":"f1b0c06e-680f-4535-a6e0-85ceae848053","type":"card","cardType":"diamonds-a","faceup":false,"dragging":null,"draggingType":null,"owner":null},{"id":"2d431792-7f7e-4af0-bc45-4d7acf388319","x":14.93,"y":59.1,"z":2601,"deck":"6cee8d70-cb72-41b7-9c4f-4963343d5eab","parent":"d043f67a-c76c-4514-b974-ce4dcd698101","type":"card","cardType":"spades-a","faceup":false,"dragging":null,"draggingType":null,"owner":null},{"id":"930e6ceb-5414-46a1-a628-5d5d576da024","x":7.28,"y":269.57,"z":2492,"deck":"6cee8d70-cb72-41b7-9c4f-4963343d5eab","parent":"f1b0c06e-680f-4535-a6e0-85ceae848053","type":"card","cardType":"spades-6","faceup":false,"dragging":null,"draggingType":null,"owner":null},{"id":"b6c157f1-0d28-4d6e-bf21-2cffe3ab7f92","x":7.28,"y":269.57,"z":2549,"deck":"6cee8d70-cb72-41b7-9c4f-4963343d5eab","parent":"f1b0c06e-680f-4535-a6e0-85ceae848053","type":"card","cardType":"diamonds-5","faceup":false,"dragging":null,"draggingType":null,"owner":null},{"id":"d16ec3c7-0211-470e-b17e-9eb89a81a9ab","x":7.28,"y":269.57,"z":2487,"deck":"6cee8d70-cb72-41b7-9c4f-4963343d5eab","parent":"f1b0c06e-680f-4535-a6e0-85ceae848053","type":"card","cardType":"clubs-a","faceup":false,"dragging":null,"draggingType":null,"owner":null},{"id":"823f957f-8922-4cc6-8f03-712b8c82a020","x":343.5,"y":642.84,"z":2590,"deck":"6cee8d70-cb72-41b7-9c4f-4963343d5eab","parent":"e5200936-c44f-40fc-8432-8ac63817d1ab","type":"card","cardType":"spades-3","faceup":false,"dragging":null,"draggingType":null,"owner":null},{"id":"60a0bb3a-eac3-463b-873d-313f9e78a4d6","x":7.28,"y":269.57,"z":2488,"deck":"6cee8d70-cb72-41b7-9c4f-4963343d5eab","parent":"f1b0c06e-680f-4535-a6e0-85ceae848053","type":"card","cardType":"hearts-3","faceup":false,"dragging":null,"draggingType":null,"owner":null},{"id":"c377f1f4-b746-4eb1-848d-64a3eea1d5ee","x":7.28,"y":269.57,"z":2505,"deck":"6cee8d70-cb72-41b7-9c4f-4963343d5eab","parent":"f1b0c06e-680f-4535-a6e0-85ceae848053","type":"card","cardType":"clubs-4","faceup":false,"dragging":null,"draggingType":null,"owner":null},{"id":"b6eabe35-f9d4-4249-8cd8-5334336ef80e","x":7.28,"y":269.57,"z":2496,"deck":"6cee8d70-cb72-41b7-9c4f-4963343d5eab","parent":"f1b0c06e-680f-4535-a6e0-85ceae848053","type":"card","cardType":"clubs-6","faceup":false,"dragging":null,"draggingType":null,"owner":null},{"id":"9ed3044f-9299-45fb-99cb-bf711edb1fc8","x":7.28,"y":269.57,"z":2520,"deck":"6cee8d70-cb72-41b7-9c4f-4963343d5eab","parent":"f1b0c06e-680f-4535-a6e0-85ceae848053","type":"card","cardType":"diamonds-8","faceup":false,"dragging":null,"draggingType":null,"owner":null},{"id":"fd9aa959-e578-4898-9917-6b3fa2ae5655","x":7.28,"y":269.57,"z":2521,"deck":"6cee8d70-cb72-41b7-9c4f-4963343d5eab","parent":"f1b0c06e-680f-4535-a6e0-85ceae848053","type":"card","cardType":"spades-2","faceup":false,"dragging":null,"draggingType":null,"owner":null},{"id":"150979bd-ab43-4de7-952b-f9efda87229f","x":7.28,"y":269.57,"z":2532,"deck":"6cee8d70-cb72-41b7-9c4f-4963343d5eab","parent":"f1b0c06e-680f-4535-a6e0-85ceae848053","type":"card","cardType":"hearts-7","faceup":false,"dragging":null,"draggingType":null,"owner":null},{"id":"ca575c88-0406-4169-bd53-e6740779a919","x":728.49,"y":63.82,"z":2607,"deck":"6cee8d70-cb72-41b7-9c4f-4963343d5eab","parent":"925982f9-aa1d-4fca-aaa2-98f7eab105da","type":"card","cardType":"diamonds-j","faceup":false,"dragging":null,"draggingType":null,"owner":null},{"id":"78132bc0-9e9d-4bf1-9b60-c2f6b1abe6f3","x":7.28,"y":269.57,"z":2491,"deck":"6cee8d70-cb72-41b7-9c4f-4963343d5eab","parent":"f1b0c06e-680f-4535-a6e0-85ceae848053","type":"card","cardType":"hearts-2","faceup":false,"dragging":null,"draggingType":null,"owner":null},{"id":"ec358f6a-1b0b-487c-89ce-22764d5f3171","x":14.93,"y":59.1,"z":2591,"deck":"6cee8d70-cb72-41b7-9c4f-4963343d5eab","parent":"d043f67a-c76c-4514-b974-ce4dcd698101","type":"card","cardType":"hearts-9","faceup":false,"dragging":null,"draggingType":null,"owner":null},{"id":"9be4f972-9cc2-45e7-a460-81ae35bd9680","x":7.28,"y":269.57,"z":2512,"deck":"6cee8d70-cb72-41b7-9c4f-4963343d5eab","parent":"f1b0c06e-680f-4535-a6e0-85ceae848053","type":"card","cardType":"spades-4","faceup":false,"dragging":null,"draggingType":null,"owner":null},{"id":"db6916ac-b820-48eb-8f95-97b2f3654bb0","x":1090.52,"y":264.21,"z":2588,"deck":"6cee8d70-cb72-41b7-9c4f-4963343d5eab","parent":"60b182fe-8dfd-4c7b-a64b-a37eeb112f9e","type":"card","cardType":"diamonds-2","faceup":false,"dragging":null,"draggingType":null,"owner":null},{"id":"7cbade22-4f81-4201-9d0f-da1d5d819d50","x":728.49,"y":63.82,"z":2592,"deck":"6cee8d70-cb72-41b7-9c4f-4963343d5eab","parent":"925982f9-aa1d-4fca-aaa2-98f7eab105da","type":"card","cardType":"spades-j","faceup":false,"dragging":null,"draggingType":null,"owner":null},{"id":"bb15bafa-f6ba-4737-a410-a2c15e0e2955","x":7.28,"y":269.57,"z":2519,"deck":"6cee8d70-cb72-41b7-9c4f-4963343d5eab","parent":"f1b0c06e-680f-4535-a6e0-85ceae848053","type":"card","cardType":"hearts-8","faceup":false,"dragging":null,"draggingType":null,"owner":null},{"id":"0d75b2b8-34a8-4225-8a2f-095b693045c5","x":7.28,"y":269.57,"z":2482,"deck":"6cee8d70-cb72-41b7-9c4f-4963343d5eab","parent":"f1b0c06e-680f-4535-a6e0-85ceae848053","type":"card","cardType":"spades-8","faceup":false,"dragging":null,"draggingType":null,"owner":null},{"id":"c2c108c1-0bba-4ca1-bcde-badefcb8eb37","x":7.28,"y":269.57,"z":2542,"deck":"6cee8d70-cb72-41b7-9c4f-4963343d5eab","parent":"f1b0c06e-680f-4535-a6e0-85ceae848053","type":"card","cardType":"diamonds-7","faceup":false,"dragging":null,"draggingType":null,"owner":null},{"id":"82fd9c56-d10a-4267-afe3-fe1f25652328","x":7.28,"y":269.57,"z":2506,"deck":"6cee8d70-cb72-41b7-9c4f-4963343d5eab","parent":"f1b0c06e-680f-4535-a6e0-85ceae848053","type":"card","cardType":"diamonds-4","faceup":false,"dragging":null,"draggingType":null,"owner":null},{"id":"5f75400a-10cd-4302-a85e-4d99a6e7949c","x":7.28,"y":269.57,"z":2533,"deck":"6cee8d70-cb72-41b7-9c4f-4963343d5eab","parent":"f1b0c06e-680f-4535-a6e0-85ceae848053","type":"card","cardType":"clubs-10","faceup":false,"dragging":null,"draggingType":null,"owner":null},{"id":"047fc2cf-5466-409f-8d64-3aa227c3363c","x":7.28,"y":269.57,"z":2498,"deck":"6cee8d70-cb72-41b7-9c4f-4963343d5eab","parent":"f1b0c06e-680f-4535-a6e0-85ceae848053","type":"card","cardType":"hearts-4","faceup":false,"dragging":null,"draggingType":null,"owner":null},{"id":"2d0ec6a8-ecea-4160-9b5f-936db0f06764","x":7.28,"y":269.57,"z":2508,"deck":"6cee8d70-cb72-41b7-9c4f-4963343d5eab","parent":"f1b0c06e-680f-4535-a6e0-85ceae848053","type":"card","cardType":"spades-7","faceup":false,"dragging":null,"draggingType":null,"owner":null},{"id":"026d11f9-c040-414c-8b11-010d1f9f47ea","x":7.28,"y":269.57,"z":2540,"deck":"6cee8d70-cb72-41b7-9c4f-4963343d5eab","parent":"f1b0c06e-680f-4535-a6e0-85ceae848053","type":"card","cardType":"hearts-10","faceup":false,"dragging":null,"draggingType":null,"owner":null},{"id":"d931a47a-e86d-49e0-945e-05b95e9a7149","x":7.28,"y":269.57,"z":2499,"deck":"6cee8d70-cb72-41b7-9c4f-4963343d5eab","parent":"f1b0c06e-680f-4535-a6e0-85ceae848053","type":"card","cardType":"hearts-5","faceup":false,"dragging":null,"draggingType":null,"owner":null},{"id":"0d610f47-189c-4b0b-97a7-5196ab9518d5","x":7.28,"y":269.57,"z":2502,"deck":"6cee8d70-cb72-41b7-9c4f-4963343d5eab","parent":"f1b0c06e-680f-4535-a6e0-85ceae848053","type":"card","cardType":"diamonds-6","faceup":false,"dragging":null,"draggingType":null,"owner":null},{"id":"ef1dd2ca-dbfc-44ca-b220-eae92a89339c","x":1090.52,"y":264.21,"z":2603,"deck":"6cee8d70-cb72-41b7-9c4f-4963343d5eab","parent":"60b182fe-8dfd-4c7b-a64b-a37eeb112f9e","type":"card","cardType":"diamonds-k","faceup":false,"dragging":null,"draggingType":null,"owner":null},{"id":"5402ad11-f8ea-456a-b435-df9f67515061","x":7.28,"y":269.57,"z":2525,"deck":"6cee8d70-cb72-41b7-9c4f-4963343d5eab","parent":"f1b0c06e-680f-4535-a6e0-85ceae848053","type":"card","cardType":"spades-9","faceup":false,"dragging":null,"draggingType":null,"owner":null},{"id":"56530fa9-3377-4241-8911-2b88abe00e24","x":7.28,"y":269.57,"z":2543,"deck":"6cee8d70-cb72-41b7-9c4f-4963343d5eab","parent":"f1b0c06e-680f-4535-a6e0-85ceae848053","type":"card","cardType":"spades-k","faceup":false,"dragging":null,"draggingType":null,"owner":null},{"id":"ec86bed8-7f48-4138-a70a-7a7605464f8c","x":1090.52,"y":264.21,"z":2593,"deck":"6cee8d70-cb72-41b7-9c4f-4963343d5eab","parent":"60b182fe-8dfd-4c7b-a64b-a37eeb112f9e","type":"card","cardType":"clubs-2","faceup":false,"dragging":null,"draggingType":null,"owner":null},{"id":"2d78a087-72a6-44ab-867f-6d17fc14e455","x":7.28,"y":269.57,"z":2550,"deck":"6cee8d70-cb72-41b7-9c4f-4963343d5eab","parent":"f1b0c06e-680f-4535-a6e0-85ceae848053","type":"card","cardType":"clubs-j","faceup":false,"dragging":null,"draggingType":null,"owner":null},{"id":"93b63b86-cdad-4496-a97e-15575a163cf0","x":7.28,"y":269.57,"z":2523,"deck":"6cee8d70-cb72-41b7-9c4f-4963343d5eab","parent":"f1b0c06e-680f-4535-a6e0-85ceae848053","type":"card","cardType":"clubs-7","faceup":false,"dragging":null,"draggingType":null,"owner":null},{"id":"545b376f-07cd-4ed3-a27d-1b76574bdb7c","x":7.28,"y":269.57,"z":2493,"deck":"6cee8d70-cb72-41b7-9c4f-4963343d5eab","parent":"f1b0c06e-680f-4535-a6e0-85ceae848053","type":"card","cardType":"diamonds-9","faceup":false,"dragging":null,"draggingType":null,"owner":null},{"id":"3b2178c0-665d-4d5f-aab9-8d40e6b96f90","x":343.5,"y":642.84,"z":2605,"deck":"6cee8d70-cb72-41b7-9c4f-4963343d5eab","parent":"e5200936-c44f-40fc-8432-8ac63817d1ab","type":"card","cardType":"hearts-j","faceup":false,"dragging":null,"draggingType":null,"owner":null},{"id":"2985baa0-4f98-4d7c-aeca-2da173a10942","x":7.28,"y":269.57,"z":2518,"deck":"6cee8d70-cb72-41b7-9c4f-4963343d5eab","parent":"f1b0c06e-680f-4535-a6e0-85ceae848053","type":"card","cardType":"clubs-8","faceup":false,"dragging":null,"draggingType":null,"owner":null},{"id":"f5746027-c75e-49b3-a6d0-ed55f39aec1d","x":343.5,"y":642.84,"z":2595,"deck":"6cee8d70-cb72-41b7-9c4f-4963343d5eab","parent":"e5200936-c44f-40fc-8432-8ac63817d1ab","type":"card","cardType":"diamonds-10","faceup":false,"dragging":null,"draggingType":null,"owner":null},{"id":"da45bb0e-4410-4239-91a7-ad6c30cf0521","x":7.28,"y":269.57,"z":2489,"deck":"6cee8d70-cb72-41b7-9c4f-4963343d5eab","parent":"f1b0c06e-680f-4535-a6e0-85ceae848053","type":"card","cardType":"hearts-k","faceup":false,"dragging":null,"draggingType":null,"owner":null},{"id":"5f911459-a38c-4e39-a27f-4957b03e25a3","x":1090.52,"y":264.21,"z":2608,"deck":"6cee8d70-cb72-41b7-9c4f-4963343d5eab","parent":"60b182fe-8dfd-4c7b-a64b-a37eeb112f9e","type":"card","cardType":"spades-5","faceup":false,"dragging":null,"draggingType":null,"owner":null},{"id":"8771aeec-31d2-404c-af52-d28f2136dd3d","x":7.28,"y":269.57,"z":2535,"deck":"6cee8d70-cb72-41b7-9c4f-4963343d5eab","parent":"f1b0c06e-680f-4535-a6e0-85ceae848053","type":"card","cardType":"hearts-6","faceup":false,"dragging":null,"draggingType":null,"owner":null},{"id":"3f8b940d-1d62-4998-ab0b-201ec752b7dd","type":"card","cardType":"diamonds-a","deck":"6cee8d70-cb72-41b7-9c4f-4963343d5eab","parent":"f1b0c06e-680f-4535-a6e0-85ceae848053","x":7.28,"y":269.57,"z":2548,"faceup":false,"dragging":null,"draggingType":null,"owner":null},{"id":"a6cc078e-8475-4402-a8cc-815215f6b96f","type":"card","cardType":"diamonds-2","deck":"6cee8d70-cb72-41b7-9c4f-4963343d5eab","parent":"f1b0c06e-680f-4535-a6e0-85ceae848053","x":7.28,"y":269.57,"z":2544,"faceup":false,"dragging":null,"draggingType":null,"owner":null},{"id":"d795160c-1746-4128-8e08-1f623c1c88a3","type":"card","cardType":"diamonds-3","deck":"6cee8d70-cb72-41b7-9c4f-4963343d5eab","parent":"f1b0c06e-680f-4535-a6e0-85ceae848053","x":7.28,"y":269.57,"z":2527,"faceup":false,"dragging":null,"draggingType":null,"owner":null},{"id":"ca21ae4a-84bd-4c48-ac4b-bb557e6ba397","type":"card","cardType":"diamonds-4","deck":"6cee8d70-cb72-41b7-9c4f-4963343d5eab","parent":"925982f9-aa1d-4fca-aaa2-98f7eab105da","x":728.49,"y":63.82,"z":2602,"faceup":false,"dragging":null,"draggingType":null,"owner":null},{"id":"c5a8b52a-3979-4712-8260-be8bb74c1617","type":"card","cardType":"diamonds-5","deck":"6cee8d70-cb72-41b7-9c4f-4963343d5eab","parent":"f1b0c06e-680f-4535-a6e0-85ceae848053","x":7.28,"y":269.57,"z":2534,"faceup":false,"dragging":null,"draggingType":null,"owner":null},{"id":"1db4f251-96ec-48e7-b411-2905fa1b35ac","type":"card","cardType":"diamonds-6","deck":"6cee8d70-cb72-41b7-9c4f-4963343d5eab","parent":"f1b0c06e-680f-4535-a6e0-85ceae848053","x":7.28,"y":269.57,"z":2477,"faceup":false,"dragging":null,"draggingType":null,"owner":null},{"id":"1885c3e3-0693-4df6-9b02-776858841600","type":"card","cardType":"diamonds-7","deck":"6cee8d70-cb72-41b7-9c4f-4963343d5eab","parent":"f1b0c06e-680f-4535-a6e0-85ceae848053","x":7.28,"y":269.57,"z":2536,"faceup":false,"dragging":null,"draggingType":null,"owner":null},{"id":"e92361b3-261a-4ff2-8a31-620528f47e4c","type":"card","cardType":"diamonds-8","deck":"6cee8d70-cb72-41b7-9c4f-4963343d5eab","parent":"f1b0c06e-680f-4535-a6e0-85ceae848053","x":7.28,"y":269.57,"z":2515,"faceup":false,"dragging":null,"draggingType":null,"owner":null},{"id":"b1b84f16-6bb1-4d2b-90e4-92c5965838b0","type":"card","cardType":"diamonds-9","deck":"6cee8d70-cb72-41b7-9c4f-4963343d5eab","parent":"f1b0c06e-680f-4535-a6e0-85ceae848053","x":7.28,"y":269.57,"z":2497,"faceup":false,"dragging":null,"draggingType":null,"owner":null},{"id":"0e8001ba-998e-4cf3-978a-84e63f9786a9","type":"card","cardType":"diamonds-10","deck":"6cee8d70-cb72-41b7-9c4f-4963343d5eab","parent":"f1b0c06e-680f-4535-a6e0-85ceae848053","x":7.28,"y":269.57,"z":2490,"faceup":false,"dragging":null,"draggingType":null,"owner":null},{"id":"6d17eecc-2b0c-42a6-a645-2de1dbc18db1","type":"card","cardType":"diamonds-j","deck":"6cee8d70-cb72-41b7-9c4f-4963343d5eab","parent":"f1b0c06e-680f-4535-a6e0-85ceae848053","x":7.28,"y":269.57,"z":2501,"faceup":false,"dragging":null,"draggingType":null,"owner":null},{"id":"78395451-1407-4dfb-8572-562b10327708","type":"card","cardType":"diamonds-q","deck":"6cee8d70-cb72-41b7-9c4f-4963343d5eab","parent":"60b182fe-8dfd-4c7b-a64b-a37eeb112f9e","x":1090.52,"y":264.21,"z":2598,"faceup":false,"dragging":null,"draggingType":null,"owner":null},{"id":"55d29c03-123d-4ee1-8248-4117439d0c92","type":"card","cardType":"diamonds-k","deck":"6cee8d70-cb72-41b7-9c4f-4963343d5eab","parent":"f1b0c06e-680f-4535-a6e0-85ceae848053","x":7.28,"y":269.57,"z":2509,"faceup":false,"dragging":null,"draggingType":null,"owner":null},{"id":"a2d88437-d710-4e4f-9bec-2b3fbf5593a6","type":"card","cardType":"hearts-a","deck":"6cee8d70-cb72-41b7-9c4f-4963343d5eab","parent":"f1b0c06e-680f-4535-a6e0-85ceae848053","x":7.28,"y":269.57,"z":2484,"faceup":false,"dragging":null,"draggingType":null,"owner":null},{"id":"e5e6bac5-35ed-4dcc-b655-0cc5785b2f8c","type":"card","cardType":"hearts-2","deck":"6cee8d70-cb72-41b7-9c4f-4963343d5eab","parent":"f1b0c06e-680f-4535-a6e0-85ceae848053","x":7.28,"y":269.57,"z":2531,"faceup":false,"dragging":null,"draggingType":null,"owner":null},{"id":"cc6ed788-6087-4154-bbe4-37579adaf72f","type":"card","cardType":"hearts-3","deck":"6cee8d70-cb72-41b7-9c4f-4963343d5eab","parent":"925982f9-aa1d-4fca-aaa2-98f7eab105da","x":728.49,"y":63.82,"z":2587,"faceup":false,"dragging":null,"draggingType":null,"owner":null},{"id":"8895d31e-3a39-4755-8cf3-c3670518b039","type":"card","cardType":"hearts-4","deck":"6cee8d70-cb72-41b7-9c4f-4963343d5eab","parent":"f1b0c06e-680f-4535-a6e0-85ceae848053","x":7.28,"y":269.57,"z":2530,"faceup":false,"dragging":null,"draggingType":null,"owner":null},{"id":"d8608441-a3e5-4421-9a0c-0437c12780a4","type":"card","cardType":"hearts-5","deck":"6cee8d70-cb72-41b7-9c4f-4963343d5eab","parent":"f1b0c06e-680f-4535-a6e0-85ceae848053","x":7.28,"y":269.57,"z":2545,"faceup":false,"dragging":null,"draggingType":null,"owner":null},{"id":"97669624-b9c3-418a-9fb3-3828a61356a0","type":"card","cardType":"hearts-6","deck":"6cee8d70-cb72-41b7-9c4f-4963343d5eab","parent":"e5200936-c44f-40fc-8432-8ac63817d1ab","x":343.5,"y":642.84,"z":2585,"faceup":false,"dragging":null,"draggingType":null,"owner":null},{"id":"4539091a-31a6-4db0-b97c-c496c01a64ff","type":"card","cardType":"hearts-7","deck":"6cee8d70-cb72-41b7-9c4f-4963343d5eab","parent":"925982f9-aa1d-4fca-aaa2-98f7eab105da","x":728.49,"y":63.82,"z":2582,"faceup":false,"dragging":null,"draggingType":null,"owner":null},{"id":"f47dd81b-65de-41b7-9f3e-5204604fa4a9","type":"card","cardType":"hearts-8","deck":"6cee8d70-cb72-41b7-9c4f-4963343d5eab","parent":"f1b0c06e-680f-4535-a6e0-85ceae848053","x":7.28,"y":269.57,"z":2511,"faceup":false,"dragging":null,"draggingType":null,"owner":null},{"id":"ce9d7ad4-e8b2-4cd4-b32a-b5683f68b896","type":"card","cardType":"hearts-9","deck":"6cee8d70-cb72-41b7-9c4f-4963343d5eab","parent":"f1b0c06e-680f-4535-a6e0-85ceae848053","x":7.28,"y":269.57,"z":2517,"faceup":false,"dragging":null,"draggingType":null,"owner":null},{"id":"b2768da5-7787-4994-bca6-eb699d4d9b6b","type":"card","cardType":"hearts-10","deck":"6cee8d70-cb72-41b7-9c4f-4963343d5eab","parent":"f1b0c06e-680f-4535-a6e0-85ceae848053","x":7.28,"y":269.57,"z":2480,"faceup":false,"dragging":null,"draggingType":null,"owner":null},{"id":"1ee6cbbc-f573-44ae-b72e-4d176a89e83f","type":"card","cardType":"hearts-j","deck":"6cee8d70-cb72-41b7-9c4f-4963343d5eab","parent":"f1b0c06e-680f-4535-a6e0-85ceae848053","x":7.28,"y":269.57,"z":2514,"faceup":false,"dragging":null,"draggingType":null,"owner":null},{"id":"005c2de7-98b4-44f3-be64-704902c20e6b","type":"card","cardType":"hearts-q","deck":"6cee8d70-cb72-41b7-9c4f-4963343d5eab","parent":"d043f67a-c76c-4514-b974-ce4dcd698101","x":14.93,"y":59.1,"z":2581,"faceup":false,"dragging":null,"draggingType":null,"owner":null},{"id":"daa2b54c-6ff0-4328-b57c-fea44b0df60b","type":"card","cardType":"hearts-k","deck":"6cee8d70-cb72-41b7-9c4f-4963343d5eab","parent":"f1b0c06e-680f-4535-a6e0-85ceae848053","x":7.28,"y":269.57,"z":2539,"faceup":false,"dragging":null,"draggingType":null,"owner":null},{"id":"3ac7e8de-109d-4004-a693-46e879ee9f26","type":"card","cardType":"spades-a","deck":"6cee8d70-cb72-41b7-9c4f-4963343d5eab","parent":"d043f67a-c76c-4514-b974-ce4dcd698101","x":14.93,"y":59.1,"z":2586,"faceup":false,"dragging":null,"draggingType":null,"owner":null},{"id":"15816430-48c7-4756-99cd-1df5daf6b589","type":"card","cardType":"spades-2","deck":"6cee8d70-cb72-41b7-9c4f-4963343d5eab","parent":"d043f67a-c76c-4514-b974-ce4dcd698101","x":14.93,"y":59.1,"z":2596,"faceup":false,"dragging":null,"draggingType":null,"owner":null},{"id":"7b91e5e6-571b-44ac-81eb-228ddd7ac94e","type":"card","cardType":"spades-3","deck":"6cee8d70-cb72-41b7-9c4f-4963343d5eab","parent":"e5200936-c44f-40fc-8432-8ac63817d1ab","x":343.5,"y":642.84,"z":2610,"faceup":false,"dragging":null,"draggingType":null,"owner":null},{"id":"fab2f232-4dc7-4ab8-89f5-cb53826ad98e","type":"card","cardType":"spades-4","deck":"6cee8d70-cb72-41b7-9c4f-4963343d5eab","parent":"f1b0c06e-680f-4535-a6e0-85ceae848053","x":7.28,"y":269.57,"z":2479,"faceup":false,"dragging":null,"draggingType":null,"owner":null},{"id":"524902f2-b7b9-4df8-8980-33d791c9e7e0","type":"card","cardType":"spades-5","deck":"6cee8d70-cb72-41b7-9c4f-4963343d5eab","parent":"f1b0c06e-680f-4535-a6e0-85ceae848053","x":7.28,"y":269.57,"z":2478,"faceup":false,"dragging":null,"draggingType":null,"owner":null},{"id":"0042ac37-d81a-4db4-b984-5a9d4e25c7e4","type":"card","cardType":"spades-6","deck":"6cee8d70-cb72-41b7-9c4f-4963343d5eab","parent":"f1b0c06e-680f-4535-a6e0-85ceae848053","x":7.28,"y":269.57,"z":2503,"faceup":false,"dragging":null,"draggingType":null,"owner":null},{"id":"8f0e0364-c65b-4e3e-b3b3-2ebd34dcc905","type":"card","cardType":"spades-7","deck":"6cee8d70-cb72-41b7-9c4f-4963343d5eab","parent":"f1b0c06e-680f-4535-a6e0-85ceae848053","x":7.28,"y":269.57,"z":2516,"faceup":false,"dragging":null,"draggingType":null,"owner":null},{"id":"95b6a579-6f16-4d26-b2f5-9e90936505b4","type":"card","cardType":"spades-8","deck":"6cee8d70-cb72-41b7-9c4f-4963343d5eab","parent":"f1b0c06e-680f-4535-a6e0-85ceae848053","x":7.28,"y":269.57,"z":2547,"faceup":false,"dragging":null,"draggingType":null,"owner":null},{"id":"b2e2a30e-162c-415d-962a-a4e15a8bde70","type":"card","cardType":"spades-9","deck":"6cee8d70-cb72-41b7-9c4f-4963343d5eab","parent":"f1b0c06e-680f-4535-a6e0-85ceae848053","x":7.28,"y":269.57,"z":2546,"faceup":false,"dragging":null,"draggingType":null,"owner":null},{"id":"d7395a00-ad70-434b-87cd-e0062c0d448d","type":"card","cardType":"spades-10","deck":"6cee8d70-cb72-41b7-9c4f-4963343d5eab","parent":"60b182fe-8dfd-4c7b-a64b-a37eeb112f9e","x":1090.52,"y":264.21,"z":2583,"faceup":false,"dragging":null,"draggingType":null,"owner":null},{"id":"f284706c-5b86-48a8-9172-a171a35e17f9","type":"card","cardType":"spades-j","deck":"6cee8d70-cb72-41b7-9c4f-4963343d5eab","parent":"3598b845-142d-4f46-bfd3-d6f0bc32e56d","x":1067.66,"y":649.02,"z":2584,"faceup":false,"dragging":null,"draggingType":null,"owner":null},{"id":"decd4c9e-707a-4c75-ae33-2ea21e2dd359","type":"card","cardType":"spades-q","deck":"6cee8d70-cb72-41b7-9c4f-4963343d5eab","parent":"f1b0c06e-680f-4535-a6e0-85ceae848053","x":7.28,"y":269.57,"z":2526,"faceup":false,"dragging":null,"draggingType":null,"owner":null},{"id":"753ee494-e051-4218-a489-eacc949abed4","type":"card","cardType":"spades-k","deck":"6cee8d70-cb72-41b7-9c4f-4963343d5eab","parent":"f1b0c06e-680f-4535-a6e0-85ceae848053","x":7.28,"y":269.57,"z":2486,"faceup":false,"dragging":null,"draggingType":null,"owner":null},{"id":"00b27932-0243-4103-97bd-566f2c88efcb","type":"card","cardType":"clubs-a","deck":"6cee8d70-cb72-41b7-9c4f-4963343d5eab","parent":"f1b0c06e-680f-4535-a6e0-85ceae848053","x":7.28,"y":269.57,"z":2538,"faceup":false,"dragging":null,"draggingType":null,"owner":null},{"id":"49f5ab15-d1e0-41ea-ac19-4dbb4b9a80b0","type":"card","cardType":"clubs-2","deck":"6cee8d70-cb72-41b7-9c4f-4963343d5eab","parent":"3598b845-142d-4f46-bfd3-d6f0bc32e56d","x":1067.66,"y":649.02,"z":2609,"faceup":false,"dragging":null,"draggingType":null,"owner":null},{"id":"0549cbf6-20cd-4de4-a3ad-57e60d955167","type":"card","cardType":"clubs-3","deck":"6cee8d70-cb72-41b7-9c4f-4963343d5eab","parent":"f1b0c06e-680f-4535-a6e0-85ceae848053","x":7.28,"y":269.57,"z":2510,"faceup":false,"dragging":null,"draggingType":null,"owner":null},{"id":"351f233f-276c-446d-bc19-11f954edfae2","type":"card","cardType":"clubs-4","deck":"6cee8d70-cb72-41b7-9c4f-4963343d5eab","parent":"e5200936-c44f-40fc-8432-8ac63817d1ab","x":343.5,"y":642.84,"z":2600,"faceup":false,"dragging":null,"draggingType":null,"owner":null},{"id":"230b8fc6-6348-486f-8686-7fd5898e5ddc","type":"card","cardType":"clubs-5","deck":"6cee8d70-cb72-41b7-9c4f-4963343d5eab","parent":"f1b0c06e-680f-4535-a6e0-85ceae848053","x":7.28,"y":269.57,"z":2481,"faceup":false,"dragging":null,"draggingType":null,"owner":null},{"id":"2d77e999-7917-4941-807c-ae4c8f341cf3","type":"card","cardType":"clubs-6","deck":"6cee8d70-cb72-41b7-9c4f-4963343d5eab","parent":"f1b0c06e-680f-4535-a6e0-85ceae848053","x":7.28,"y":269.57,"z":2500,"faceup":false,"dragging":null,"draggingType":null,"owner":null},{"id":"64db40d2-4f17-4857-ba12-39a9cc512da4","type":"card","cardType":"clubs-7","deck":"6cee8d70-cb72-41b7-9c4f-4963343d5eab","parent":"f1b0c06e-680f-4535-a6e0-85ceae848053","x":7.28,"y":269.57,"z":2483,"faceup":false,"dragging":null,"draggingType":null,"owner":null},{"id":"59986cd1-6a71-4a01-9277-070c8f96eee6","type":"card","cardType":"clubs-8","deck":"6cee8d70-cb72-41b7-9c4f-4963343d5eab","parent":"3598b845-142d-4f46-bfd3-d6f0bc32e56d","x":1067.66,"y":649.02,"z":2589,"faceup":false,"dragging":null,"draggingType":null,"owner":null},{"id":"10e0fddf-1fb1-4950-81c1-606b1e1bafce","type":"card","cardType":"clubs-9","deck":"6cee8d70-cb72-41b7-9c4f-4963343d5eab","parent":"f1b0c06e-680f-4535-a6e0-85ceae848053","x":7.28,"y":269.57,"z":2529,"faceup":false,"dragging":null,"draggingType":null,"owner":null},{"id":"02687e65-254f-41a3-b287-7ba1ce1f9402","type":"card","cardType":"clubs-10","deck":"6cee8d70-cb72-41b7-9c4f-4963343d5eab","parent":"f1b0c06e-680f-4535-a6e0-85ceae848053","x":7.28,"y":269.57,"z":2494,"faceup":false,"dragging":null,"draggingType":null,"owner":null},{"id":"52c52fdd-c016-4aa9-b0a8-71939c433b8d","type":"card","cardType":"clubs-j","deck":"6cee8d70-cb72-41b7-9c4f-4963343d5eab","parent":"f1b0c06e-680f-4535-a6e0-85ceae848053","x":7.28,"y":269.57,"z":2495,"dragging":null,"draggingType":null,"owner":null,"faceup":false},{"id":"1e346096-0e93-41e6-85aa-c3359c5fb009","type":"card","cardType":"clubs-q","deck":"6cee8d70-cb72-41b7-9c4f-4963343d5eab","parent":"f1b0c06e-680f-4535-a6e0-85ceae848053","x":7.28,"y":269.57,"z":2541,"dragging":null,"draggingType":null,"owner":null,"faceup":false},{"id":"2ebec5db-18fb-41f1-89c2-83a5219bf3e3","type":"card","cardType":"clubs-k","deck":"6cee8d70-cb72-41b7-9c4f-4963343d5eab","parent":"f1b0c06e-680f-4535-a6e0-85ceae848053","x":7.28,"y":269.57,"z":2513,"dragging":null,"draggingType":null,"owner":null,"faceup":false},{"id":"1d465f99-25de-4b2e-bb0a-ffeaf05eab56","x":16.35,"y":478.85,"z":2611,"type":"automationButton","label":"Deal","clickRoutine":[{"func":"SHUFFLE_CARDS","args":{"holders":{"type":"literal","value":["f1b0c06e-680f-4535-a6e0-85ceae848053"]}}},{"func":"MOVE_CARDS_BETWEEN_HOLDERS","args":{"from":{"type":"literal","value":["f1b0c06e-680f-4535-a6e0-85ceae848053"]},"to":{"type":"literal","value":["d043f67a-c76c-4514-b974-ce4dcd698101"]},"quantity":{"type":"literal","value":1},"moveFlip":{"type":"literal","value":"faceDown"}}},{"func":"MOVE_CARDS_BETWEEN_HOLDERS","args":{"from":{"type":"literal","value":["f1b0c06e-680f-4535-a6e0-85ceae848053"]},"to":{"type":"literal","value":["925982f9-aa1d-4fca-aaa2-98f7eab105da"]},"moveFlip":{"type":"literal","value":"faceDown"}}},{"func":"MOVE_CARDS_BETWEEN_HOLDERS","args":{"from":{"type":"literal","value":["f1b0c06e-680f-4535-a6e0-85ceae848053"]},"to":{"type":"literal","value":["60b182fe-8dfd-4c7b-a64b-a37eeb112f9e"]},"moveFlip":{"type":"literal","value":"faceDown"}}},{"func":"MOVE_CARDS_BETWEEN_HOLDERS","args":{"from":{"type":"literal","value":["f1b0c06e-680f-4535-a6e0-85ceae848053"]},"to":{"type":"literal","value":["3598b845-142d-4f46-bfd3-d6f0bc32e56d"]},"moveFlip":{"type":"literal","value":"faceDown"}}},{"func":"MOVE_CARDS_BETWEEN_HOLDERS","args":{"from":{"type":"literal","value":["f1b0c06e-680f-4535-a6e0-85ceae848053"]},"to":{"type":"literal","value":["e5200936-c44f-40fc-8432-8ac63817d1ab"]},"moveFlip":{"type":"literal","value":"faceDown"}}},{"func":"MOVE_CARDS_BETWEEN_HOLDERS","args":{"from":{"type":"literal","value":["f1b0c06e-680f-4535-a6e0-85ceae848053"]},"to":{"type":"literal","value":["d043f67a-c76c-4514-b974-ce4dcd698101"]},"moveFlip":{"type":"literal","value":"faceDown"}}},{"func":"MOVE_CARDS_BETWEEN_HOLDERS","args":{"from":{"type":"literal","value":["f1b0c06e-680f-4535-a6e0-85ceae848053"]},"to":{"type":"literal","value":["925982f9-aa1d-4fca-aaa2-98f7eab105da"]},"moveFlip":{"type":"literal","value":"faceDown"}}},{"func":"MOVE_CARDS_BETWEEN_HOLDERS","args":{"from":{"type":"literal","value":["f1b0c06e-680f-4535-a6e0-85ceae848053"]},"to":{"type":"literal","value":["60b182fe-8dfd-4c7b-a64b-a37eeb112f9e"]},"moveFlip":{"type":"literal","value":"faceDown"}}},{"func":"MOVE_CARDS_BETWEEN_HOLDERS","args":{"from":{"type":"literal","value":["f1b0c06e-680f-4535-a6e0-85ceae848053"]},"to":{"type":"literal","value":["3598b845-142d-4f46-bfd3-d6f0bc32e56d"]},"moveFlip":{"type":"literal","value":"faceDown"}}},{"func":"MOVE_CARDS_BETWEEN_HOLDERS","args":{"from":{"type":"literal","value":["f1b0c06e-680f-4535-a6e0-85ceae848053"]},"to":{"type":"literal","value":["e5200936-c44f-40fc-8432-8ac63817d1ab"]},"moveFlip":{"type":"literal","value":"faceDown"}}},{"func":"MOVE_CARDS_BETWEEN_HOLDERS","args":{"from":{"type":"literal","value":["f1b0c06e-680f-4535-a6e0-85ceae848053"]},"to":{"type":"literal","value":["d043f67a-c76c-4514-b974-ce4dcd698101"]},"moveFlip":{"type":"literal","value":"faceDown"}}},{"func":"MOVE_CARDS_BETWEEN_HOLDERS","args":{"from":{"type":"literal","value":["f1b0c06e-680f-4535-a6e0-85ceae848053"]},"to":{"type":"literal","value":["925982f9-aa1d-4fca-aaa2-98f7eab105da"]},"moveFlip":{"type":"literal","value":"faceDown"}}},{"func":"MOVE_CARDS_BETWEEN_HOLDERS","args":{"from":{"type":"literal","value":["f1b0c06e-680f-4535-a6e0-85ceae848053"]},"to":{"type":"literal","value":["60b182fe-8dfd-4c7b-a64b-a37eeb112f9e"]},"moveFlip":{"type":"literal","value":"faceDown"}}},{"func":"MOVE_CARDS_BETWEEN_HOLDERS","args":{"from":{"type":"literal","value":["f1b0c06e-680f-4535-a6e0-85ceae848053"]},"to":{"type":"literal","value":["3598b845-142d-4f46-bfd3-d6f0bc32e56d"]},"moveFlip":{"type":"literal","value":"faceDown"}}},{"func":"MOVE_CARDS_BETWEEN_HOLDERS","args":{"from":{"type":"literal","value":["f1b0c06e-680f-4535-a6e0-85ceae848053"]},"to":{"type":"literal","value":["e5200936-c44f-40fc-8432-8ac63817d1ab"]},"moveFlip":{"type":"literal","value":"faceDown"}}},{"func":"MOVE_CARDS_BETWEEN_HOLDERS","args":{"from":{"type":"literal","value":["f1b0c06e-680f-4535-a6e0-85ceae848053"]},"to":{"type":"literal","value":["d043f67a-c76c-4514-b974-ce4dcd698101"]},"moveFlip":{"type":"literal","value":"faceDown"}}},{"func":"MOVE_CARDS_BETWEEN_HOLDERS","args":{"from":{"type":"literal","value":["f1b0c06e-680f-4535-a6e0-85ceae848053"]},"to":{"type":"literal","value":["925982f9-aa1d-4fca-aaa2-98f7eab105da"]},"moveFlip":{"type":"literal","value":"faceDown"}}},{"func":"MOVE_CARDS_BETWEEN_HOLDERS","args":{"from":{"type":"literal","value":["f1b0c06e-680f-4535-a6e0-85ceae848053"]},"to":{"type":"literal","value":["60b182fe-8dfd-4c7b-a64b-a37eeb112f9e"]},"moveFlip":{"type":"literal","value":"faceDown"}}},{"func":"MOVE_CARDS_BETWEEN_HOLDERS","args":{"from":{"type":"literal","value":["f1b0c06e-680f-4535-a6e0-85ceae848053"]},"to":{"type":"literal","value":["3598b845-142d-4f46-bfd3-d6f0bc32e56d"]},"moveFlip":{"type":"literal","value":"faceDown"}}},{"func":"MOVE_CARDS_BETWEEN_HOLDERS","args":{"from":{"type":"literal","value":["f1b0c06e-680f-4535-a6e0-85ceae848053"]},"to":{"type":"literal","value":["e5200936-c44f-40fc-8432-8ac63817d1ab"]}}},{"func":"MOVE_CARDS_BETWEEN_HOLDERS","args":{"from":{"type":"literal","value":["f1b0c06e-680f-4535-a6e0-85ceae848053"]},"to":{"type":"literal","value":["d043f67a-c76c-4514-b974-ce4dcd698101"]},"moveFlip":{"type":"literal","value":"faceDown"}}},{"func":"MOVE_CARDS_BETWEEN_HOLDERS","args":{"from":{"type":"literal","value":["f1b0c06e-680f-4535-a6e0-85ceae848053"]},"to":{"type":"literal","value":["925982f9-aa1d-4fca-aaa2-98f7eab105da"]},"moveFlip":{"type":"literal","value":"faceDown"}}},{"func":"MOVE_CARDS_BETWEEN_HOLDERS","args":{"from":{"type":"literal","value":["f1b0c06e-680f-4535-a6e0-85ceae848053"]},"to":{"type":"literal","value":["60b182fe-8dfd-4c7b-a64b-a37eeb112f9e"]},"moveFlip":{"type":"literal","value":"faceDown"}}},{"func":"MOVE_CARDS_BETWEEN_HOLDERS","args":{"from":{"type":"literal","value":["f1b0c06e-680f-4535-a6e0-85ceae848053"]},"to":{"type":"literal","value":["3598b845-142d-4f46-bfd3-d6f0bc32e56d"]},"moveFlip":{"type":"literal","value":"faceDown"}}},{"func":"MOVE_CARDS_BETWEEN_HOLDERS","args":{"from":{"type":"literal","value":["f1b0c06e-680f-4535-a6e0-85ceae848053"]},"to":{"type":"literal","value":["e5200936-c44f-40fc-8432-8ac63817d1ab"]},"moveFlip":{"type":"literal","value":"faceDown"}}},{"func":"MOVE_CARDS_BETWEEN_HOLDERS","args":{"from":{"type":"literal","value":["f1b0c06e-680f-4535-a6e0-85ceae848053"]},"to":{"type":"literal","value":["d043f67a-c76c-4514-b974-ce4dcd698101"]},"moveFlip":{"type":"literal","value":"faceDown"}}},{"func":"MOVE_CARDS_BETWEEN_HOLDERS","args":{"from":{"type":"literal","value":["f1b0c06e-680f-4535-a6e0-85ceae848053"]},"to":{"type":"literal","value":["925982f9-aa1d-4fca-aaa2-98f7eab105da"]},"moveFlip":{"type":"literal","value":"faceDown"}}},{"func":"MOVE_CARDS_BETWEEN_HOLDERS","args":{"from":{"type":"literal","value":["f1b0c06e-680f-4535-a6e0-85ceae848053"]},"to":{"type":"literal","value":["60b182fe-8dfd-4c7b-a64b-a37eeb112f9e"]},"moveFlip":{"type":"literal","value":"faceDown"}}},{"func":"MOVE_CARDS_BETWEEN_HOLDERS","args":{"from":{"type":"literal","value":["f1b0c06e-680f-4535-a6e0-85ceae848053"]},"to":{"type":"literal","value":["3598b845-142d-4f46-bfd3-d6f0bc32e56d"]},"moveFlip":{"type":"literal","value":"faceDown"}}},{"func":"MOVE_CARDS_BETWEEN_HOLDERS","args":{"from":{"type":"literal","value":["f1b0c06e-680f-4535-a6e0-85ceae848053"]},"to":{"type":"literal","value":["e5200936-c44f-40fc-8432-8ac63817d1ab"]}}},{"func":"MOVE_CARDS_BETWEEN_HOLDERS","args":{"from":{"type":"literal","value":["f1b0c06e-680f-4535-a6e0-85ceae848053"]},"to":{"type":"literal","value":["d043f67a-c76c-4514-b974-ce4dcd698101"]},"moveFlip":{"type":"literal","value":"faceDown"}}},{"func":"MOVE_CARDS_BETWEEN_HOLDERS","args":{"from":{"type":"literal","value":["f1b0c06e-680f-4535-a6e0-85ceae848053"]},"to":{"type":"literal","value":["925982f9-aa1d-4fca-aaa2-98f7eab105da"]},"moveFlip":{"type":"literal","value":"faceDown"}}},{"func":"MOVE_CARDS_BETWEEN_HOLDERS","args":{"from":{"type":"literal","value":["f1b0c06e-680f-4535-a6e0-85ceae848053"]},"to":{"type":"literal","value":["60b182fe-8dfd-4c7b-a64b-a37eeb112f9e"]},"moveFlip":{"type":"literal","value":"faceDown"}}},{"func":"MOVE_CARDS_BETWEEN_HOLDERS","args":{"from":{"type":"literal","value":["f1b0c06e-680f-4535-a6e0-85ceae848053"]},"to":{"type":"literal","value":["3598b845-142d-4f46-bfd3-d6f0bc32e56d"]},"moveFlip":{"type":"literal","value":"faceDown"}}},{"func":"MOVE_CARDS_BETWEEN_HOLDERS","args":{"from":{"type":"literal","value":["f1b0c06e-680f-4535-a6e0-85ceae848053"]},"to":{"type":"literal","value":["e5200936-c44f-40fc-8432-8ac63817d1ab"]},"moveFlip":{"type":"literal","value":"faceDown"}}}],"dragging":null,"draggingType":null},{"id":"20f617b6-b96f-4752-aec0-f7d44e82488c","x":5.95,"y":4.48,"z":2120,"type":"labelText","labelContent":"PeePaw","textSize":30,"bold":true,"textAlign":"center","width":300,"dragging":null,"draggingType":null},{"id":"aa4f7c5b-8580-4bfb-9e6c-ffa9c92715d0","x":808.07,"y":12.02,"z":2107,"type":"labelText","labelContent":"MeeMaw","textSize":30,"bold":true,"textAlign":"center","width":300,"dragging":null,"draggingType":null},{"id":"3b1e0253-cda4-4cc4-b367-cbd5441a4e3f","x":1297.64,"y":179.98,"z":2111,"type":"labelText","labelContent":"Mangela","textSize":30,"bold":true,"textAlign":"center","width":300,"dragging":null,"draggingType":null},{"id":"cd132990-2452-4a58-82da-0fea0f049fa6","x":1291.16,"y":580.67,"z":2101,"type":"labelText","labelContent":"Maggie","textSize":30,"bold":true,"textAlign":"center","width":300,"dragging":null,"draggingType":null},{"id":"bc11eddb-b0dc-4c2e-be33-0a1ea91ad8c1","x":407.49,"y":566.7,"z":2118,"type":"labelText","labelContent":"Mandrew","textSize":30,"bold":true,"textAlign":"center","width":300,"dragging":null,"draggingType":null},{"id":"bedd8933-91f2-40ab-907d-1168e340a6a7","x":71.99,"y":1.23,"z":2133,"type":"gamePiece","pieceType":"pin","color":"red","dragging":null,"draggingType":null}]